target_id,model_id,residue_id,x,y,z
2GIS,1,1,69.247,51.962,34.076
2GIS,1,2,67.252,47.457,37.651
2GIS,1,3,63.184,44.934,41.889
2GIS,1,4,57.41,44.981,44.081
2GIS,1,5,51.45,46.221,43.143
2GIS,1,6,46.808,48.385,39.76
2GIS,1,7,44.796,49.66,34.396
2GIS,1,8,45.288,49.473,28.222
2GIS,1,9,42.837,47.488,22.188
2GIS,1,10,38.435,52.547,21.702
2GIS,1,11,38.672,58.43,21.142
2GIS,1,12,41.689,63.63,19.22
2GIS,1,13,44.119,67.311,13.644
2GIS,1,14,45.863,68.602,7.295
2GIS,1,15,47.841,74.474,10.147
2GIS,1,16,54.036,77.485,9.896
2GIS,1,17,60.024,77.281,11.542
2GIS,1,18,64.199,73.117,10.695
2GIS,1,19,67.006,69.387,7.504
2GIS,1,20,66.922,62.667,7.448
2GIS,1,21,66.027,59.321,9.725
2GIS,1,22,61.736,57.364,13.541
2GIS,1,23,57.77,53.491,15.901
2GIS,1,24,61.356,51.123,19.985
2GIS,1,25,65.485,46.606,19.185
2GIS,1,26,65.751,40.52,16.911
2GIS,1,27,63.552,37.741,12.178
2GIS,1,28,58.705,39.462,8.314
2GIS,1,29,53.946,42.279,6.308
2GIS,1,30,52.552,48.383,5.883
2GIS,1,31,52.287,54.339,7.16
2GIS,1,32,55.228,59.676,5.68
2GIS,1,33,56.994,64.038,0.684
2GIS,1,34,52.728,65.677,-0.44
2GIS,1,35,54.954,65.202,4.743
2GIS,1,36,57.735,61.338,9.196
2GIS,1,37,61.083,61.004,14.59
2GIS,1,38,63.073,65.228,18.704
2GIS,1,39,61.518,70.74,20.903
2GIS,1,40,57.305,75.294,21.301
2GIS,1,41,51.643,77.101,21.344
2GIS,1,42,45.922,74.562,20.279
2GIS,1,43,42.432,69.665,21.035
2GIS,1,44,41.06,64.188,23.236
2GIS,1,45,41.533,60.188,27.856
2GIS,1,46,42.341,59.14,34.004
2GIS,1,47,46.022,56.881,37.836
2GIS,1,48,49.242,59.962,42.373
2GIS,1,49,49.383,65.087,45.696
2GIS,1,50,45.652,69.584,46.784
2GIS,1,51,39.313,68.526,48.358
2GIS,1,52,37.985,70.804,42.367
2GIS,1,53,38.929,76.365,38.509
2GIS,1,54,44.377,75.983,36.522
2GIS,1,55,50.177,74.134,37.278
2GIS,1,56,54.371,69.628,37.263
2GIS,1,57,55.34,65.129,33.36
2GIS,1,58,54.029,60.369,30.093
2GIS,1,59,51.386,58.359,25.064
2GIS,1,60,48.692,59.668,19.729
2GIS,1,61,48.325,56.663,14.432
2GIS,1,62,45.976,51.126,13.735
2GIS,1,63,44.63,48.623,19.322
2GIS,1,64,50.371,49.234,22.232
2GIS,1,65,49.473,47.942,16.63
2GIS,1,66,49.538,41.774,15.989
2GIS,1,67,53.024,36.859,16.894
2GIS,1,68,58.091,33.83,19.491
2GIS,1,69,59.612,30.374,24.428
2GIS,1,70,55.66,26.599,27.107
2GIS,1,71,50.085,24.2,28.222
2GIS,1,72,44.789,22.243,26.02
2GIS,1,73,41.738,21.509,20.863
2GIS,1,74,42.6,20.383,15.067
2GIS,1,75,47.133,16.874,11.504
2GIS,1,76,50.317,21.995,9.775
2GIS,1,77,49.318,27.66,7.869
2GIS,1,78,45.79,31.247,10.37
2GIS,1,79,41.965,32.101,14.936
2GIS,1,80,40.693,32.611,20.834
2GIS,1,81,42.411,32.874,26.858
2GIS,1,82,46.398,33.635,31.056
2GIS,1,83,52.389,35.042,32.352
2GIS,1,84,58.311,36.343,31.007
2GIS,1,85,61.044,41.084,28.441
2GIS,1,86,60.338,46.713,26.717
2GIS,1,87,57.42,52.245,26.944
2GIS,1,88,54.808,56.85,30.197
2GIS,1,89,52.792,58.945,35.61
2GIS,1,90,52.547,58.662,41.657
2GIS,1,91,55.146,56.755,46.819
2GIS,1,92,60.583,54.344,48.883
2GIS,1,93,66.119,51.421,48.893
2GIS,1,94,72.146,51.475,47.027
2GIS,2,1,85.454,37.701,22.432
2GIS,2,2,62.176,48.341,22.09
2GIS,2,3,80.396,33.12,25.108
2GIS,2,4,44.908,40.512,61.894
2GIS,2,5,63.812,41.613,32.203
2GIS,2,6,38.007,53.027,57.541
2GIS,2,7,53.02,40.664,54.561
2GIS,2,8,37.283,63.153,40.318
2GIS,2,9,30.533,32.423,29.806
2GIS,2,10,40.791,54.501,36.718
2GIS,2,11,49.184,57.662,37.919
2GIS,2,12,37.975,62.575,26.413
2GIS,2,13,60.343,55.085,8.655
2GIS,2,14,70.545,81.823,-0.394
2GIS,2,15,57.156,101.082,-1.011
2GIS,2,16,49.55,93.298,-2.971
2GIS,2,17,54.833,83.895,14.27
2GIS,2,18,40.791,51.328,31.443
2GIS,2,19,77.059,41.862,8.213
2GIS,2,20,76.025,42.074,-12.622
2GIS,2,21,75.803,60.02,1.316
2GIS,2,22,57.43,39.148,-3.077
2GIS,2,23,60.364,62.939,13.81
2GIS,2,24,61.206,41.499,29.789
2GIS,2,25,54.894,59.952,18.629
2GIS,2,26,65.265,42.59,10.872
2GIS,2,27,68.653,38.566,9.278
2GIS,2,28,58.626,31.926,-4.54
2GIS,2,29,61.357,33.885,-14.472
2GIS,2,30,43.264,39.708,35.058
2GIS,2,31,53.21,63.229,4.327
2GIS,2,32,49.604,39.309,16.952
2GIS,2,33,35.1,47.371,-5.226
2GIS,2,34,47.525,70.14,-18.739
2GIS,2,35,53.664,74.04,-10.185
2GIS,2,36,46.394,66.212,4.419
2GIS,2,37,54.873,73.721,23.656
2GIS,2,38,73.116,79.75,51.435
2GIS,2,39,70.719,63.167,-0.794
2GIS,2,40,40.209,79.074,28.874
2GIS,2,41,68.091,61.785,19.292
2GIS,2,42,36.388,68.182,17.004
2GIS,2,43,48.734,44.047,8.054
2GIS,2,44,27.525,68.042,42.788
2GIS,2,45,40.456,80.803,42.892
2GIS,2,46,38.088,95.514,59.478
2GIS,2,47,72.678,68.173,40.991
2GIS,2,48,37.564,69.956,43.443
2GIS,2,49,61.292,52.898,31.251
2GIS,2,50,43.631,78.082,52.827
2GIS,2,51,31.657,53.327,45.287
2GIS,2,52,44.035,88.238,25.507
2GIS,2,53,60.29,85.058,28.931
2GIS,2,54,41.97,81.504,37.188
2GIS,2,55,45.886,72.061,36.537
2GIS,2,56,66.075,65.561,38.768
2GIS,2,57,32.3,75.936,33.179
2GIS,2,58,61.754,64.804,59.528
2GIS,2,59,58.05,64.661,34.176
2GIS,2,60,62.925,62.158,32.882
2GIS,2,61,60.38,57.322,-4.27
2GIS,2,62,56.283,48.018,-2.866
2GIS,2,63,45.364,58.859,26.605
2GIS,2,64,55.461,37.835,2.18
2GIS,2,65,40.999,64.752,22.676
2GIS,2,66,67.93,18.635,25.1
2GIS,2,67,88.788,29.0,37.444
2GIS,2,68,68.601,25.85,11.718
2GIS,2,69,65.344,26.772,7.432
2GIS,2,70,35.402,10.314,8.412
2GIS,2,71,65.063,9.521,30.59
2GIS,2,72,52.414,28.469,52.195
2GIS,2,73,38.978,12.988,19.463
2GIS,2,74,44.754,-4.876,2.695
2GIS,2,75,62.408,-0.418,6.197
2GIS,2,76,70.061,27.464,19.507
2GIS,2,77,59.816,40.174,-11.843
2GIS,2,78,58.306,30.779,1.598
2GIS,2,79,49.109,17.715,28.246
2GIS,2,80,37.142,23.047,41.282
2GIS,2,81,48.685,45.544,27.255
2GIS,2,82,25.445,39.444,47.166
2GIS,2,83,50.48,41.686,42.275
2GIS,2,84,26.303,31.585,36.629
2GIS,2,85,80.33,33.749,45.013
2GIS,2,86,30.261,51.42,-1.44
2GIS,2,87,63.192,60.524,23.34
2GIS,2,88,51.817,67.587,47.208
2GIS,2,89,44.731,84.85,27.925
2GIS,2,90,48.477,39.468,57.057
2GIS,2,91,60.606,61.988,56.732
2GIS,2,92,55.051,52.667,38.563
2GIS,2,93,73.068,55.015,38.333
2GIS,2,94,64.177,73.029,43.737
2GIS,3,1,49.911,67.812,22.345
2GIS,3,2,56.31,62.447,33.068
2GIS,3,3,54.96,36.838,52.324
2GIS,3,4,43.397,58.844,47.61
2GIS,3,5,44.602,55.455,48.944
2GIS,3,6,36.098,46.059,56.509
2GIS,3,7,38.618,34.997,27.388
2GIS,3,8,25.446,35.084,17.238
2GIS,3,9,41.311,59.205,19.82
2GIS,3,10,17.96,73.83,31.594
2GIS,3,11,28.324,56.921,25.291
2GIS,3,12,28.504,65.44,12.386
2GIS,3,13,53.796,78.302,-3.999
2GIS,3,14,42.623,79.814,20.607
2GIS,3,15,56.987,77.367,24.956
2GIS,3,16,40.928,66.545,6.359
2GIS,3,17,57.786,85.088,-8.486
2GIS,3,18,68.085,56.317,1.157
2GIS,3,19,58.912,77.281,14.28
2GIS,3,20,67.64,82.706,0.817
2GIS,3,21,69.234,65.396,18.83
2GIS,3,22,58.09,63.493,19.634
2GIS,3,23,34.184,55.848,8.758
2GIS,3,24,57.414,45.086,27.056
2GIS,3,25,59.621,52.725,15.874
2GIS,3,26,60.46,51.844,21.921
2GIS,3,27,58.142,21.052,31.776
2GIS,3,28,77.205,46.763,2.411
2GIS,3,29,65.745,44.725,16.147
2GIS,3,30,33.909,39.765,-0.735
2GIS,3,31,61.831,50.771,21.123
2GIS,3,32,78.823,57.006,-0.226
2GIS,3,33,60.823,69.013,-2.978
2GIS,3,34,72.819,71.357,-14.156
2GIS,3,35,42.532,59.929,0.759
2GIS,3,36,55.697,56.851,-0.244
2GIS,3,37,72.673,45.68,30.889
2GIS,3,38,38.754,71.301,41.781
2GIS,3,39,51.671,75.891,14.671
2GIS,3,40,58.822,61.606,8.687
2GIS,3,41,68.334,91.633,6.663
2GIS,3,42,40.921,75.511,-5.546
2GIS,3,43,43.077,78.288,18.766
2GIS,3,44,24.906,62.664,19.463
2GIS,3,45,52.513,52.198,31.526
2GIS,3,46,51.56,58.521,8.772
2GIS,3,47,47.69,46.423,22.857
2GIS,3,48,37.384,59.576,51.11
2GIS,3,49,43.665,54.536,37.934
2GIS,3,50,50.546,74.226,34.009
2GIS,3,51,31.792,51.648,61.918
2GIS,3,52,36.437,62.687,35.958
2GIS,3,53,67.602,83.845,56.168
2GIS,3,54,63.415,85.863,35.283
2GIS,3,55,63.102,64.868,47.11
2GIS,3,56,67.725,78.202,24.963
2GIS,3,57,27.903,59.787,32.902
2GIS,3,58,47.641,70.16,38.994
2GIS,3,59,41.149,41.324,33.961
2GIS,3,60,41.927,69.734,11.959
2GIS,3,61,16.471,37.112,13.544
2GIS,3,62,65.905,83.757,3.587
2GIS,3,63,40.81,49.497,16.129
2GIS,3,64,49.233,49.429,16.79
2GIS,3,65,54.008,50.522,4.92
2GIS,3,66,48.773,36.242,16.523
2GIS,3,67,64.508,38.157,12.775
2GIS,3,68,19.421,26.314,16.511
2GIS,3,69,53.348,36.215,37.801
2GIS,3,70,40.707,29.851,9.248
2GIS,3,71,69.514,35.09,52.041
2GIS,3,72,36.713,22.733,12.17
2GIS,3,73,45.378,2.575,18.228
2GIS,3,74,38.55,30.479,1.664
2GIS,3,75,44.505,24.823,1.145
2GIS,3,76,61.806,14.567,10.138
2GIS,3,77,47.959,34.638,14.331
2GIS,3,78,37.861,24.822,19.474
2GIS,3,79,33.486,21.082,13.974
2GIS,3,80,48.612,38.87,29.875
2GIS,3,81,43.731,35.108,35.202
2GIS,3,82,36.418,32.733,19.907
2GIS,3,83,56.651,38.305,49.558
2GIS,3,84,74.733,32.604,34.083
2GIS,3,85,59.993,52.478,43.107
2GIS,3,86,65.063,49.616,6.433
2GIS,3,87,56.227,52.0,10.348
2GIS,3,88,50.367,55.202,40.877
2GIS,3,89,39.715,49.613,12.876
2GIS,3,90,51.829,49.48,54.624
2GIS,3,91,47.996,61.845,46.048
2GIS,3,92,54.176,34.173,44.787
2GIS,3,93,74.003,50.045,49.96
2GIS,3,94,68.234,50.702,60.138
2GIS,4,1,61.446,46.211,38.383
2GIS,4,2,62.633,30.604,30.173
2GIS,4,3,71.568,30.091,58.862
2GIS,4,4,60.507,23.035,52.905
2GIS,4,5,51.302,60.124,28.983
2GIS,4,6,49.675,48.353,21.426
2GIS,4,7,37.611,56.643,63.137
2GIS,4,8,42.334,57.456,25.087
2GIS,4,9,51.584,53.144,35.563
2GIS,4,10,44.201,48.755,38.788
2GIS,4,11,21.451,48.874,18.824
2GIS,4,12,28.778,69.315,19.364
2GIS,4,13,50.265,78.252,4.221
2GIS,4,14,44.547,60.538,-5.805
2GIS,4,15,48.648,74.304,3.436
2GIS,4,16,43.163,78.454,-6.137
2GIS,4,17,63.219,59.341,-3.624
2GIS,4,18,76.234,63.539,20.209
2GIS,4,19,73.948,74.711,12.785
2GIS,4,20,89.23,60.817,-3.609
2GIS,4,21,72.877,64.722,27.837
2GIS,4,22,61.969,70.084,11.058
2GIS,4,23,44.844,60.743,16.704
2GIS,4,24,72.471,23.969,31.722
2GIS,4,25,74.253,51.477,30.6
2GIS,4,26,68.183,51.766,27.085
2GIS,4,27,57.455,45.26,3.495
2GIS,4,28,62.766,19.698,8.006
2GIS,4,29,50.204,48.312,8.703
2GIS,4,30,54.771,46.162,14.843
2GIS,4,31,57.742,34.997,0.999
2GIS,4,32,57.927,56.407,9.165
2GIS,4,33,51.514,59.362,5.573
2GIS,4,34,65.016,64.795,7.339
2GIS,4,35,49.637,74.083,-3.819
2GIS,4,36,46.03,85.234,1.093
2GIS,4,37,46.348,63.469,12.825
2GIS,4,38,70.286,69.633,2.966
2GIS,4,39,63.803,71.074,29.254
2GIS,4,40,76.573,77.421,25.118
2GIS,4,41,32.61,92.788,17.747
2GIS,4,42,50.684,72.761,11.378
2GIS,4,43,46.349,60.514,27.485
2GIS,4,44,53.302,58.542,24.446
2GIS,4,45,32.125,41.734,40.334
2GIS,4,46,43.265,57.916,24.888
2GIS,4,47,50.449,45.909,32.403
2GIS,4,48,37.548,64.661,52.664
2GIS,4,49,45.084,69.455,35.565
2GIS,4,50,27.323,64.498,41.542
2GIS,4,51,32.69,69.797,55.003
2GIS,4,52,47.422,78.745,57.55
2GIS,4,53,51.15,71.914,72.218
2GIS,4,54,61.122,79.379,25.657
2GIS,4,55,47.049,70.594,44.928
2GIS,4,56,47.162,61.327,40.073
2GIS,4,57,68.582,72.243,37.49
2GIS,4,58,67.522,70.452,45.927
2GIS,4,59,59.167,60.235,25.889
2GIS,4,60,51.161,57.101,19.838
2GIS,4,61,55.186,62.1,45.878
2GIS,4,62,55.473,52.831,11.477
2GIS,4,63,47.563,29.202,32.7
2GIS,4,64,54.695,50.753,4.936
2GIS,4,65,77.461,66.655,0.964
2GIS,4,66,55.063,67.512,-3.983
2GIS,4,67,44.083,18.12,15.579
2GIS,4,68,41.477,50.931,27.723
2GIS,4,69,58.752,39.331,36.867
2GIS,4,70,46.788,21.143,16.639
2GIS,4,71,43.212,35.553,17.114
2GIS,4,72,48.321,23.634,21.227
2GIS,4,73,30.129,1.775,-0.085
2GIS,4,74,51.981,23.755,9.052
2GIS,4,75,44.82,18.913,26.66
2GIS,4,76,36.892,11.884,-0.912
2GIS,4,77,52.391,26.512,20.231
2GIS,4,78,52.743,42.9,9.575
2GIS,4,79,38.062,14.643,13.663
2GIS,4,80,33.878,46.486,0.083
2GIS,4,81,37.139,48.909,34.818
2GIS,4,82,52.103,49.399,34.38
2GIS,4,83,40.979,42.967,45.658
2GIS,4,84,76.646,46.765,18.95
2GIS,4,85,72.292,45.232,12.943
2GIS,4,86,60.04,56.863,33.363
2GIS,4,87,47.73,66.646,26.004
2GIS,4,88,35.861,38.316,31.641
2GIS,4,89,70.628,59.157,49.469
2GIS,4,90,53.97,68.128,44.846
2GIS,4,91,64.143,65.65,56.568
2GIS,4,92,51.243,37.462,50.37
2GIS,4,93,59.822,72.524,47.784
2GIS,4,94,86.464,54.556,55.68
2GIS,5,1,65.113,39.412,29.012
2GIS,5,2,59.516,34.447,29.44
2GIS,5,3,70.19,37.714,36.34
2GIS,5,4,85.117,39.558,49.965
2GIS,5,5,41.844,17.92,27.232
2GIS,5,6,33.106,53.031,33.258
2GIS,5,7,56.586,39.542,24.643
2GIS,5,8,34.391,27.337,18.581
2GIS,5,9,39.798,68.808,-3.43
2GIS,5,10,37.602,52.36,8.275
2GIS,5,11,33.593,86.616,27.662
2GIS,5,12,60.48,68.957,24.797
2GIS,5,13,34.937,56.1,33.119
2GIS,5,14,36.671,62.296,12.45
2GIS,5,15,36.187,81.227,15.024
2GIS,5,16,44.809,73.598,8.448
2GIS,5,17,61.877,80.348,-6.975
2GIS,5,18,47.957,82.677,-1.511
2GIS,5,19,66.775,63.483,7.279
2GIS,5,20,68.807,50.557,13.773
2GIS,5,21,73.936,63.814,6.729
2GIS,5,22,60.499,63.837,10.88
2GIS,5,23,62.264,60.819,11.021
2GIS,5,24,53.878,52.404,6.529
2GIS,5,25,68.646,55.518,24.339
2GIS,5,26,78.804,40.755,3.888
2GIS,5,27,73.461,26.003,-1.041
2GIS,5,28,49.181,43.326,-14.201
2GIS,5,29,57.219,52.571,8.209
2GIS,5,30,54.068,70.128,19.168
2GIS,5,31,50.98,59.462,-1.436
2GIS,5,32,43.197,58.411,8.626
2GIS,5,33,44.602,76.489,-7.154
2GIS,5,34,29.638,41.565,17.291
2GIS,5,35,61.396,57.568,1.253
2GIS,5,36,74.561,83.508,9.073
2GIS,5,37,51.278,55.553,25.611
2GIS,5,38,74.404,48.44,21.703
2GIS,5,39,76.76,72.559,25.221
2GIS,5,40,53.204,63.477,17.686
2GIS,5,41,52.155,66.542,5.209
2GIS,5,42,54.834,86.799,17.937
2GIS,5,43,39.399,63.506,17.804
2GIS,5,44,34.778,69.472,34.478
2GIS,5,45,43.946,64.675,21.79
2GIS,5,46,29.984,62.108,34.024
2GIS,5,47,53.584,77.51,40.835
2GIS,5,48,63.911,40.972,56.129
2GIS,5,49,48.009,61.585,31.604
2GIS,5,50,44.194,44.399,61.149
2GIS,5,51,48.153,73.04,39.642
2GIS,5,52,54.877,72.893,34.337
2GIS,5,53,53.503,85.273,25.414
2GIS,5,54,52.733,92.282,20.975
2GIS,5,55,48.902,63.695,42.733
2GIS,5,56,47.367,54.575,25.817
2GIS,5,57,80.737,46.063,28.696
2GIS,5,58,57.514,68.098,37.956
2GIS,5,59,50.175,52.696,41.236
2GIS,5,60,41.064,69.717,14.907
2GIS,5,61,34.438,43.191,8.714
2GIS,5,62,65.025,52.282,14.795
2GIS,5,63,33.193,48.818,18.696
2GIS,5,64,49.41,50.742,4.05
2GIS,5,65,42.196,54.73,28.609
2GIS,5,66,51.329,39.624,18.983
2GIS,5,67,59.654,22.342,17.555
2GIS,5,68,55.919,29.428,8.272
2GIS,5,69,53.861,20.094,12.478
2GIS,5,70,63.811,11.776,28.354
2GIS,5,71,50.183,16.37,12.981
2GIS,5,72,45.622,15.938,21.791
2GIS,5,73,50.426,17.981,21.97
2GIS,5,74,32.035,25.983,16.506
2GIS,5,75,34.78,14.192,15.4
2GIS,5,76,41.9,23.569,11.2
2GIS,5,77,45.939,38.169,0.431
2GIS,5,78,48.511,38.904,15.777
2GIS,5,79,31.369,23.836,11.127
2GIS,5,80,38.747,25.383,33.299
2GIS,5,81,53.539,34.572,25.482
2GIS,5,82,23.568,32.692,33.815
2GIS,5,83,44.684,32.58,53.446
2GIS,5,84,51.343,35.486,30.41
2GIS,5,85,80.152,59.436,38.127
2GIS,5,86,49.231,63.801,18.842
2GIS,5,87,63.023,63.718,27.715
2GIS,5,88,48.997,56.525,14.792
2GIS,5,89,76.282,66.031,39.288
2GIS,5,90,23.833,66.005,40.687
2GIS,5,91,73.195,23.368,41.656
2GIS,5,92,77.88,44.984,56.175
2GIS,5,93,76.483,52.762,44.339
2GIS,5,94,75.687,65.846,22.966
